{
  "capabilities":
      [
        {
          "browserName":"KitKat",
          "version":"4.4.4",
          "platform":"ANDROID",
          "maxInstances": 1
        }
      ],

  "configuration":
  {
    "cleanUpCycle":2000,
    "timeout":20000,
    "proxy": "org.openqa.grid.selenium.proxy.DefaultRemoteProxy",
    "url": "http://127.0.0.1:4724/wd/hub",
    "host": "127.0.0.1",
    "port": 4724,
    "maxSession": 1,
    "register": true,
    "registerCycle": 5000,
    "hubPort": 4444,
    "hubHost": "127.0.0.1",
    "session-override": true
  }
}